conf,rating
PERVASIVE,A*
ICIS,A*
JCDL,A*
RSS,A*
IEEE InfoVis,A*
ICDE,A*
SENSYS,A*
ICAPS,A*
EMNLP,A*
ICRA,A*
AAAI,A*
AAMAS,A*
ACL,A*
ACMMM,A*
ASE,A*
ASPLOS,A*
CAV,A*
CCS,A*
CHI,A*
COLT,A*
CRYPTO,A*
CVPR,A*
EC,A*
ECCV,A*
FSE,A*
EuroCrypt,A*
FOCS,A*
HPCA,A*
ICCV,A*
ICDM,A*
ICLR,A*
ICML,A*
ICSE,A*
IJCAI,A*
INFOCOM,A*
IPSN,A*
ISCA,A*
ISMAR,A*
KDD,A*
KR,A*
LICS,A*
MOBICOM,A*
NDSS,A*
NeurIPS,A*
OSDI,A*
PERCOM,A*
PLDI,A*
PODC,A*
PODS,A*
POPL,A*
RTSS,A*
SIGCOMM,A*
SIGGRAPH,A*
SIGIR,A*
SIGMETRICS,A*
SIGMOD,A*
SODA,A*
SOSP,A*
SP,A*
STOC,A*
UIST,A*
USENIX-Security,A*
VLDB,A*
VR,A*
WWW,A*
RAID,A
RecSys,A
RTAS,A
SANER,A
SC,A
SDM,A
SEAMS,A
SIGSPATIAL,A
TACAS,A
TARK,A
TCC,A
UAI,A
USENIX,A
WACV,A
ICLP,A
ICME,A
ICPC,A
ICS,A
ICSA,A
ICSME,A
ICSOC,A
ICST,A
IEEE VIS,A
IJCAR,A
IMC,A
Interspeech,A
IPDPS,A
ISSAC,A
ISSRE,A
ISSTA,A
ISWC,A
ITCS,A
IUI,A
JELIA,A
LAK,A
MFCS,A
MICCAI,A
MOBIHOC,A
MODELS,A
MSR,A
MSWIM,A
OOPSLA,A
PETS,A
PPSN,A
BPM,A
CADE,A
CaiSE,A
CGO,A
CHES,A
CIDR,A
CIKM,A
CoNEXT,A
CP,A
CSCW,A
CSF,A
DIS,A
DISC,A
EASE,A
ECAI,A
ECOOP,A
ECSA,A
EDBT,A
ER,A
ESEM,A
ESOP,A
ESORICS,A
EuroSys,A
FAST,A
FC,A
FM,A
FOGA,A
FOSSACS,A
GD,A
GECCO,A
HotOS,A
HPDC,A
ICALP,A
ICCAD,A
ICDAR,A
ICDCS,A
ICDT,A
ICFP,A
CC,A
ACM IMC,A
AACE,A
ASHRAE,A
,A
,A
,A
,A
,A
,A
APCOM,A
Unsat-Asian,A
,A
,A
ACADIA,A
ARCOM,A
,A
,A
,A
,A
,A
AHRC,A
,A
ATRF,A
,A
CAADFutures,A
CAMEA,A
,A
,A
APCOM,A
,A
,A
,A
Modsim 03,A
CME 25,A
,A
,A
D&E,A
DCC,A
ECCM,A
NUMGE,A
,A
,A
,A
,A
GeoShanghai,A
HB,A
HKIVM,A
,A
,A
,A
,A
,A
,A
,A
VLSIC,A
WCCI,A
IA,A
,A
IACMAG,A
,A
,A
,A
CIVIL-COMP,A
,A
,A
COMPLAS,A
CUPUM,A
DTM,A
,A
ICES,A
,A
,A
,A
IAQVEC,A
,A
,A
,A
,A
,A
,A
ESQARU,A
EUROGRAPH,A
FODO,A
FSR,A
GRID,A
HICSS,A
Hypertext,A
ICADL,A
ICCL,A
ICSC2,A
ICSPC,A
ICTL,A
ICMCS,A
IEEETKDE,A
ILPS,A
ISD,A
ISR,A
ISSCC,A
MassPar,A
MATES ENASE,A
AID,A
AIIM,A
AMCIS,A
AOSD,A
APCOMin,A
ASAP,A
CDC,A
CSB,A
DAC,A
DESRIST,A
DOOD,A
EAAI,A
ECIS,A
ECML PKDD,A
DSN,A
Mobisys,A
ICWS,A
ITP,A
CONCUR,A
VRST,A
STACS,A
NAACL,A
BMVC,A
SoCG,A
ISAAC,A
RE,A
HRI,A
ICWSM,A
IROS,A
SAT,A
EACL,A
IPCO,A
ICER,A
SIGCSE,A
Middleware,A
CCC,A
AIED,A
ECIR,A
ACSAC,A
ESA,A
WSDM,A
AISTATS,A
ALENEX,A
APPROX/RANDOM,A
AsiaCCS,A
ASIACRYPT,A
ASSETS,A
,A
,A
,A
,A
ICSMGE,A
,A
,A
ICSFT2008,A
SEB,A
,A
Unsat,A
,A
,A
,A
,A
,A
,A
,A
CIB,A
,A
,A
,A
IGLC,A
,A
,A
,A
,A
,A
ISRM,A
,A
,A
,A
,A
,A
,A
,A
,A
,A
,A
,A
,A
,A
,A
,A
,A
,A
Windsor,A
NUMOG,A
PPRES,A
PLEA,A
PICMET,A
,A
,A
REES,A
COBRA,A
,A
SAHANZ,A
,A
,A
SOAC,A
IBPSA,A
HOT CHIPS,A
,A
TRB,A
,A
,A
WCTR,A
WCCM,A
ASIS&T,A
CSFW,A
ICMAS,A
ISTCS,A
TREC,A
Interspeech,A
ECML,A
BuildSys,A
AFIPS,A
MICRO,A
MMCN,A
NetStore,A
OCIS,A
OPENARCH,A
PACIS,A
PT,A
RTA,A
SDSDI,A
SMS,A
SSR,A
VLSI,A
USITS,A
RANDOM,A
ODLA,Australasian
OzWIT,Australasian
SCSS,Australasian
UWACS,Australasian
WarSec,Australasian
WAWISR,Australasian
WIC,Australasian
HDKM,Australasian
IDEAW,Australasian
KoalaPLoP,Australasian
MADYMO,Australasian
MATLAB,Australasian
MCDA,Australasian
MCSpo,Australasian
DICTA,Australasian
SIGCHI-NZ,Australasian
,Australasian
ISM,Australasian
ACAC,Australasian
ACEC,Australasian
ACIS,Australasian
ACKMIDS,Australasian
ACMA,Australasian
ACNN,Australasian
ACOSM,Australasian
ACS,Australasian
ACSAC,Australasian
ACSC,Australasian
AFAANZ,Australasian
AGDC,Australasian
AICEC,Australasian
AISP,Australasian
AISW,Australasian
AISW-PET,Australasian
AKAW,Australasian
ANZAM,Australasian
ANZIIS,Australasian
ANZMAC,Australasian
ANZMODS,Australasian
APRTS,Australasian
ARA,Australasian
ARSC,Australasian
ASCILITE,Australasian
ASIV,Australasian
AuCSS,Australasian
AUIC,Australasian
AURISA,Australasian
AuRW,Australasian
AusAI,Australasian
AusGrid,Australasian
AusWeb,Australasian
AusWIT,Australasian
AUUG,Australasian
AWOCA,Australasian
AWRE,Australasian
AWSA,Australasian
CATS,Australasian
SIGCHI-NZ,Australasian
COMPUMOD,Australasian
DICTA/IVCNZ,Australasian
DIVC,Australasian
ACALCI,Australasian B
ASWEC,Australasian B
OZCHI,Australasian B
AI,Australasian B
ACE,Australasian B
ACISP,Australasian B
ADC,Australasian B
ADCS,Australasian B
ALTA,Australasian C
IVCNZ,Australasian C
DICTA,Australasian C
AISC,Australasian C
AusDM,Australasian C
ACCMCC,Australasian C
ACRA,Australasian C
AICE,Australasian C
APCCM,Australasian C
ASOR,Australasian C
AusPDC,Australasian C
SimTecT,Australasian C
SST,Australasian C
HIC,Australasian C
ICITA,Australasian C
IE,Australasian C
ITNAC,Australasian C
MODSIM,Australasian C
NZGDC,Australasian C
ICGT,B
ICIP,B
ICMI,B
ICMR,B
ICMT,B
ICONIP,B
ICPADS,B
ICPE,B
ICPR,B
ICSR,B
ICSSP,B
ICTAI,B
ICWE,B
IDA,B
IE,B
IEEE CCNC,B
IEEE-IV,B
IFIP SEC,B
IJCNLP,B
IJCNN,B
ILP,B
IM,B
INLG,B
Interact,B
IPEC,B
ISIT,B
ISPASS,B
ITS,B
ITW,B
IVA,B
IWCMC,B
IWQoS,B
K-CAP,B
KES,B
LATIN,B
LCN,B
LCTES,B
LPNMR,B
MASCOTS,B
MASS,B
MDAI,B
MDM,B
MFPS,B
MMM,B
MobileHCI,B
MPC,B
MUM,B
NCA,B
Networking,B
NOMS,B
NOSSDAV,B
NSS,B
OPODIS,B
PACT,B
PADS,B
PAM,B
PerDis,B
Petri Nets,B
PIMRC,B
PKC,B
PRICAI,B
PRIMA,B
PROFES,B
RCIS,B
RECOMB,B
RTCSA,B
RuleML+RR,B
RV,B
SAC,B
SAFECOMP,B
SAGT,B
SAS,B
SCA,B
IEEE SSE,B
SEA,B
SEAA,B
SECON,B
SEFM,B
SERVICES,B
SGP,B
SIGdial,B
SIROCCO,B
SISAP,B
SLE,B
SMC,B
SOFSEM,B
SOUPS,B
SPLC,B
SRDS,B
SSBSE,B
SSDBM,B
SSPR,B
SSTD,B
TABLEAUX,B
TPDL,B
TrustBus,B
TrustCom,B
UMAP,B
VEE,B
VISSOFT,B
VL/HCC,B
VMCAI,B
VTC,B
WADS,B
WALCOM,B
WAOA,B
WCNC,B
WI,B
WiMob,B
WiOpt,B
WISE,B
WoWMoM,B
XP,B
CLUSTER,B
DS,B
LREC,B
IDC,B
ICPM,B
HCOMP,B
ASONAM,B
IFM,B
QoMEX,B
PacificVis,B
CoNLL,B
ACM_WiSec,B
ITiCSE,B
ARES,B
TEI,B
REFSQ,B
CCGRID,B
SoCS,B
FSCD,B
CogSci,B
COLING,B
AVSS,B
CT-RSA,B
ESWC,B
PAKDD,B
ECRTS,B
ICPP,B
ICNP,B
PPoPP,B
SPAA,B
NetSoft,B
LPAR,B
WG,B
ACCV,B
ACIIDS,B
ACIVS,B
ACNS,B
AIME,B
AiML,B
AINA,B
ALT,B
ANALCO,B
APBC,B
APLAS,B
ATVA,B
AVI,B
AAAAECC,B
ACM-SIGMIS CPR,B
ADTI,B
AIS SIGED: IAIM,B
AISTA,B
ALEX,B
ALP,B
ANNIE,B
ANSS,B
ANTS,B
ASIAN,B
BASYS,B
BIS,B
CAAN,B
CACSD,B
CAIA,B
CATAC,B
CBI (was CEC/EEE),B
CCA,B
CCSC,B
CCW,B
CD,B
CEAS,B
CISTM,B
CITB,B
COGROBO,B
CollECTeR,B
COMMONSENSE,B
CompLife,B
Conf-IRM,B
DGO,B
DMTCS,B
DSS,B
DUX,B
DYSPAN,B
ECAL,B
ECBS,B
ECWeb,B
EGC,B
EKM,B
EMCIS,B
ERCIM/CSCLP,B
MLMI,B
MMVR,B
MPCS,B
MPPOI,B
ODP,B
ORGSEM,B
PACES,B
PDC,B
Persuasive,B
PLILP,B
PPIG,B
QualIT,B
REV,B
RIDE,B
RuleML,B
SARA,B
SC,B
SEEP,B
SPICIS,B
STC,B
STEP,B
SWDC,B
TMI,B
UMC,B
VDbS,B
VECPAR,B
WAE,B
WAIS,B
WCES,B
WCNN,B
WCRE,B
WCSS,B
WCW,B
WEA,B
WIDM,B
WORDS,B
XP,B
ADMI,B
I-SPAN,B
SEAL,B
TOOLS,B
VSMM,B
WCC,B
DBPL,B
ICCS,B
FG,B
IJCB,B
DSAA,B
BIO ROB,B
,B
MobiWac,B
,B
AISB,B
AIS,B
,B
,B
,B
,B
,B
,B
,B
ACSA,B
,B
,B
ANZAScA,B
ANZAPS,B
,B
,B
AIBS,B
,B
AUBEA,B
ISARC,B
Koli Calling,B
,B
BECC,B
BNCOD,B
BEECON,B
CAAI,B
,B
,B
,B
,B
AI*IA,B
,B
CITC,B
CRIOCM,B
CRCCI,B
DALT,B
DRS,B
,B
DPPI,B
DAGM,B
,B
,B
eCAADe,B
,B
MINDTREK,B
EDRA,B
,B
,B
ETC,B
,B
FCKAML,B
GMAI,B
MATES,B
,B
,B
,B
IEEE GLOBECOM,B
,B
,B
IEEE DYSPAN,B
,B
CACSD,B
IPC,B
IEEE IV,B
IDEA,B
IFS,B
IFW,B
IASTE,B
IEA,B
IASDR,B
,B
,B
ICCREM,B
,B
ICED,B
,B
,B
ISSNIP,B
,B
BigData,B
CALCO,B
CANS,B
CASC,B
CASES,B
CC,B
CEC,B
CLOUD,B
CNSM,B
COMPSAC,B
CoopIS,B
CPAIOR,B
CPM,B
CSCL,B
CSEDU,B
CSL,B
DAS,B
DASFAA,B
DATE,B
DaWaK,B
DBSEC,B
DCC,B
DCOSS,B
DNA,B
DocEng,B
e-Science,B
EC-TEL,B
ECSCW,B
EDM,B
EDOC,B
EKAW,B
EMAS,B
ENASE,B
ESANN,B
ETRA,B
EUROGP,B
EuroPar,B
EuroSPI,B
EuroVis,B
EvoApplications,B
EvoCOP,B
EWSN,B
FASE,B
FCCM,B
FCT,B
FMCAD,B
FOIS,B
FUZZ-IEEE,B
GI,B
GLOBECOM,B
GPCE,B
HAI,B
I3DG,B
ICAART,B
ICAC,B
ICALT,B
ICCCI,B
ICCCN,B
ICDSC,B
ICECCS,B
ICFHR,B
ESS,B
EuroNLG,B
EUROPKI,B
EUSIPCO,B
EWLR,B
FPSAC,B
FTP,B
FTRTFT,B
GDN,B
GITMA,B
Group,B
HLT,B
HotPower,B
HotWeb,B
HPCN,B
HPCNCS,B
IAWTIC,B
IBIMA,B
IC,B
ICASSP,B
ICC,B
ICCI,B
ICEB,B
ICEBE,B
ICGA,B
ICICS,B
ICNN,B
ICON,B
ICSC,B
ICWITS,B
IEEE RFID,B
IJCNLP2,B
IN,B
INBS,B
IRMA,B
ISEAT,B
ISECON,B
ISESE,B
ISIC,B
ISMM,B
ISTA,B
ITC,B
IWCASE,B
IWP,B
IWPT,B
JMLC,B
LDTA,B
LENLS,B
LPMA,B
M2VIP,B
MEDINFO,B
,B
,B
SCMT,B
,B
WWIC,B
,B
ICCH,B
,B
SIBRAGEC,B
,B
IJWCC,B
,B
IPHS,B
,B
ISCIT,B
,B
,B
,B
PROMAS,B
,B
MEGA,B
MMC,B
,B
NORDES,B
PMOZ,B
,B
,B
SCAI,B
SWAT,B
,B
APSEC-EASEC,B
,B
,B
,B
PRC,B
UKSS,B
UHPH,B
ICEC,B
WCPM,B
APAMI,B
ASADM,B
AWTI,B
AOIS,B
PROSim,B
WDAG,B
ICMR,B
PASTE,B
QoSA,B
3DUI,B
ICAT,B
CBSE,B
NEW2AN,C
ICTTA,C
ICVS,C
WiCOM,C
,C
IMETI,C
INTA,C
BuHu IPGRC,C
IPGRC,C
FTCS,C
WPMC,C
IUDC,C
WiCon,C
FSSSSN,C
IWSSC,C
WiMoNe,C
ICTCS,C
SEBD,C
JCCGG,C
JCDCG,C
FCST,C
JH,C
WAAC,C
JENC,C
IFIP TM,C
SugarLoafPLoP,C
LA-WEB,C
ICMIT,C
MIGHTY,C
mAAN,C
,C
LARC,C
NACCQ,C
NCC,C
NCCIS,C
NDB,C
NISSC,C
NGDM,C
NATOSE,C
NGC,C
VikingPLoP,C
,C
NordSec,C
NACLP,C
NAFIPS,C
NORDCHI,C
ParaFPGA,C
PRoBE,C
QSIC,C
,C
SFP,C
SBSEA,C
HWWS,C
SABERC,C
SCC,C
ChiliPLoP,C
EGC,C
,C
TIDSE,C
,C
MOBILITY,C
NFM,C
TALN,C
UKAIS,C
UK e-Science,C
,C
VR-SIG,C
,C
WCCCE,C
WDSI,C
WeWoRC,C
WASP,C
WCEAM-IMS,C
SB,C
ROCOM,C
PMIP,C
RBAC,C
NPDP,C
LawTech,C
AI,C
ASM,C
ASC,C
CATE,C
ISC,C
IMSA,C
MS,C
MIC,C
PDCN,C
PDCS,C
RM,C
SIP,C
SE,C
SEA,C
VIIP,C
AEN,C
CEC,C
INAP,C
CISE,C
INAP,C
ICMSO,C
ICSLP,C
VISAPP,C
ISIMP,C
IWSM,C
KAW,C
ASAI,C
WAIM,C
EFIS/EFDBS,C
ECRYPT,C
ECRYPT,C
,C
,C
MEWS,C
MGC,C
MMDB,C
MME,C
MMICS,C
MobiDE,C
MODSS,C
MOVEP,C
MOVIX,C
MPOOL,C
MSAS,C
MSVVEIS,C
MUSE,C
NAISO,C
NeMLaP,C
NGDB,C
NISDIC,C
NISS,C
NNSP,C
NPSC,C
NRAC,C
NRDM,C
NWESP,C
OASIS,C
ODSA,C
OESS/IOCC/ACOFT,C
OLA,C
OODBS,C
OOIS,C
Ordal,C
OTA,C
P&I,C
P2P,C
P2P Econ,C
PAAM,C
PADD,C
PADO,C
PAP/PACT,C
PAWEC,C
PC,C
PCNS,C
PCW,C
PDIS,C
PDK,C
PEC&CON,C
PGT,C
PHYSDES,C
PIA,C
PKI,C
PLAN-X,C
PLATE,C
PPCIS,C
PRIS,C
PSOR,C
PVW,C
QIP,C
QOIS,C
QuantCom,C
Quo Vadis Cryptology,C
RAITA,C
RAM-SE,C
RAOOL,C
REBSE,C
RFF,C
RFIDSec,C
ROGICS,C
RS,C
RTDB,C
SAGA,C
SAIGTC,C
SAINT,C
SAMT,C
SAR-SSI,C
SASC,C
SCCG,C
SCCGIV,C
SCW,C
SE,C
SE-HPC,C
Search,C
SEE,C
Sensor Networks,C
SETE,C
SETP,C
SEViz,C
SHARCS,C
SIDEKIC,C
SIEDS,C
SIGIR/XML,C
SIGLEX,C
SIGOA,C
SIRC,C
SIST,C
SISW,C
SITE,C
SLS,C
SOCASE,C
SOCCER,C
SOCGMA,C
SPDS,C
SPEC,C
SPEED,C
SQC,C
SREIS,C
SRIG-ET,C
SRMD,C
SSGRR,C
SSNDS,C
STM,C
Style,C
SWOD,C
SWS,C
SWWS,C
TACS,C
TAI,C
TAKMA,C
TAPSOFT,C
TDB,C
TE,C
TGGT,C
TIPPI,C
TLDI,C
TMFCS,C
TPGT,C
TRI-Ada,C
USENIX EC,C
UWNTS,C
VDEA,C
VI,C
VIP,C
VisPLE,C
VISUAL,C
VISualize,C
VLFM,C
VSW,C
WAAAPL,C
WARDS,C
WCAN,C
WCC,C
WCCE,C
WCGTC,C
WCOP,C
WDAS,C
WDDD,C
WebKDD,C
WebNet,C
WebSim,C
WebViz,C
WEC,C
WICS,C
WISM,C
WITS,C
WKDD,C
WMCS,C
WOOD,C
WoPP,C
WOSIS,C
WoSQ,C
WOTE,C
WPC,C
WRSO,C
WSE,C
WTASA,C
WWCA,C
X-Schemas,C
Xsym,C
DCM,C
IEEE VAST,C
ISCIS,C
ISICT,C
ITCC,C
KES IIMSS,C
PCM,C
SIMULTECH,C
ICBC,C
WABI,C
AofA,C
PEMWN,C
ICMV,C
EUMAS,C
TIME,C
Qshine,C
MEDES,C
ICA3PP,C
CLEI,C
DATA,C
ICISSP,C
ICPRAM,C
ICSoft,C
WEBIST,C
Mobiquitous,C
COINE,C
CollaborateCom,C
RC,C
FORTE,C
LOPSTR,C
IoTBDS,C
SecureComm,C
VEHITS,C
ICINCO,C
ArtsIT,C
EAMT,C
SECRYPT,C
MT SUMMIT,C
KSEM,C
Broadnets,C
ADMA,C
ISNCC,C
ICTAC,C
iLRN,C
EvoMUSART,C
ICCC,C
SCAM,C
PATAT,C
ISRR,C
COCOA,C
DEXA,C
ECMS,C
ICCBR,C
IEEE HPCS,C
PACLIC,C
PACLING,C
PKAW,C
SCSC,C
SEKE,C
WSC,C
COPLAS,C
DIAGRAMS,C
CICLING,C
IAAI,C
RoboCup,C
CAIP,C
MMSP,C
PSIVT,C
DAFX,C
VCIP,C
ICICS,C
ISPEC,C
ProvSec,C
SETA,C
ISC,C
CARDIS,C
IMACC,C
ECCB,C
ADBIS,C
APWEB,C
DOLAP,C
IDEAS,C
SPIRE,C
ECCB,C
JSSPP,C
MOMM,C
SBAC-PAD,C
HCW,C
ACSD,C
UIC,C
IPCCC,C
HPCC,C
ISCC,C
CGI,C
CW,C
IV,C
SPM,C
ISPR,C
EGVE,C
EGPGV,C
CAADRIA,C
ICCE,C
ED-MEDIA,C
CSCWD,C
ACE,C
ETHICOMP,C
APSEC,C
HASE,C
ICFEM,C
PADL,C
PRDC,C
QRS,C
PLOP,C
CIAA,C
DLT,C
ISITA,C
MCU,C
TAMC,C
WoLLIC,C
IWOCA,C
GMP,C
AAAC,C
AAIM,C
ABZ,C
ACC,C
ACHI,C
ACII,C
ADHOC-NOW,C
AIAI,C
AICCSA,C
AIRS,C
Algosensors,C
ALIFE,C
AmI,C
APCC,C
APNOMS,C
APORS,C
APSCC,C
ARITH,C
AROB,C
ASPDAC,C
ASRU,C
AST,C
ATC,C
ATMOS,C
BDCAT,C
ICIAR,C
ICICSE,C
ICIDS,C
ICIMP,C
ICIS,C
ICISP,C
ICIW,C
ICMLA,C
ICOCI,C
ICORES,C
ICOST,C
ICOTA,C
ICSEA,C
ICSEng,C
ICT4AWE,C
ICTD,C
ICTSS,C
ICVS,C
IDDM,C
IDEAL,C
IEA/AIE,C
IEEE ADPRL,C
IEEE Alife,C
IEEE CICA,C
IEEE CICS,C
IEEE CIFEr,C
IEEE CIMSIVP,C
IEEE CISDA,C
IEEE IS,C
IEEE SIS,C
iEMSs,C
IES,C
IFSA,C
IGARSS,C
IH&MMSec,C
IIWAS,C
IJCCI,C
IJCRS (was RSCTC),C
InfVis,C
INISTA,C
INOC,C
InSITE,C
IOLTS,C
IPIN,C
IPMU,C
ISADS,C
ISAGA,C
ISARC,C
ISC,C
ISC,C
ISCO,C
ISDA,C
ISGC,C
ISI,C
ISM,C
ISMIS,C
ISMM,C
ISNN,C
ISoLA,C
ISORC,C
ISPA,C
ISPDC,C
ISSDQ,C
ISTAS,C
IV-App,C
IVBI,C
IWCIA,C
IWDW,C
IWSM Mensura,C
JADT,C
JURIX,C
KEOD,C
KES AMSTA,C
KES IDT,C
KV,C
LAGOS,C
LANMAN,C
LATA,C
MABS,C
MACIS,C
MEDI,C
MEMOCODE,C
MISE,C
MODELSWARD,C
MPLR,C
MTNS,C
NLDB,C
NPC,C
NSPW,C
NTMS,C
Onward,C
OP,C
OPENSYM,C
Pairing,C
PARCO,C
PCS,C
PDCAT,C
PDP,C
PEPM,C
PLOS,C
PPDP,C
PQCrypto,C
PRO-VE,C
PSD,C
PST,C
QUATIC,C
RAMiCS,C
RSP,C
SACMAT,C
SAFEProcess,C
SASHIMI,C
SCOPES,C
SDH,C
SERA,C
SEW,C
SIN,C
SNPD,C
SOCA,C
SoMeT,C
SPICE,C
SQM,C
SSS,C
SSSC,C
TAP,C
Tencon,C
UBICOMM,C
UC,C
VECoS,C
VINCI,C
VizSec,C
W2GIS,C
WAFR,C
WAIFI,C
WAW,C
WCO,C
WD,C
WETICE,C
WFLP,C
WISTP,C
WorldCIST,C
,C
3DIM,C
3DPVT,C
3G,C
AAA-IDEA,C
ACAI,C
ACG,C
ACID,C
ACP4IS,C
ADVIS,C
AFETE,C
AFRIGRAPH,C
AIA,C
AIKM,C
AIPR,C
AIS,C
AISAT,C
AITC,C
ALICE,C
ALPIT,C
AMAST,C
AMIGE,C
Aml.d,C
AMOC,C
AMS,C
ANNES,C
AO-Asia,C
AOIR,C
AOM,C
APCHDL,C
APCHI,C
APDSI,C
APGV,C
APPIA/GULP/PRODE,C
APRSAIS,C
AQSDT,C
ARACNE,C
ARTDB,C
ARVLSI,C
ASCM,C
ASM(W),C
ASR,C
AUC,C
AUCADC,C
AWIC,C
BC,C
BFCA,C
BICC,C
BioViz,C
BPD,C
BPI,C
BPMDS,C
BuiltViz,C
C#,C
C5,C
CCG,C
CCRTS,C
CCTAF,C
CDB,C
CEG,C
CERE,C
CFET,C
CFP,C
CGA,C
CGAL,C
CGIE,C
CGIV,C
CGTDG,C
CGW,C
CHKV,C
CIC,C
CIEAEM,C
CIHSPS,C
CIISP,C
CIMCA,C
CIMSA,C
CIRAS,C
CIRSYS,C
CISIM,C
CISST,C
CLADE,C
CMS,C
CMV,C
CNNA,C
CODAS,C
CODATA,C
COMPDES,C
Complex,C
COMSWARE,C
CONPAR,C
Cosign,C
COV,C
CPD,C
CryPAC,C
CSC,C
CSMR,C
CSRC,C
CT,C
CTAC,C
CTS,C
CxS,C
DAARC,C
DAC,C
DAG,C
DASD,C
DASWIS,C
DAViz,C
Dcw,C
DDDM,C
DECI,C
DFMA,C
DGW,C
DIMA,C
DIMACS Intrinsic,C
DITW,C
DM-CCG,C
DMDW,C
DMKD,C
DMVC,C
DP-COOL,C
DRM,C
DSAL,C
DSI,C
DSKDB,C
DSLSE,C
DSN,C
DSTKM,C
DTVE,C
DutchCG,C
DVAT,C
Early Aspects,C
ECC,C
ECC,C
ECDM,C
ECIME,C
ECIW,C
ECOWS,C
ECRM,C
ECUMN,C
EDM,C
EDSER,C
EEE,C
EFTF/IFCS,C
EGEE,C
EICAR,C
EISWT,C
ELW,C
EMBC,C
Emnets,C
ENC,C
EP,C
EQIS,C
ESAS,C
ESCAPE,C
ESGICT,C
EUFIT,C
EuroBot,C
EuroCOLT,C
EVOTE,C
EVT,C
Extreme,C
F-and-B,C
FATES,C
FCC,C
FDPE,C
FIRA,C
FMLDO,C
FMOOD,C
FMP,C
FMPPTA,C
FMSE,C
FMSEDS,C
FOAL,C
FOOL,C
FSKD,C
FTDCS,C
GADA,C
GameTheory,C
GCA,C
GCC,C
GCCCE,C
GDC,C
GEFS,C
GeoComp,C
GeoD,C
GEOM Uncertainty,C
GeomFest,C
GeoViz,C
GHC,C
GISPlanet,C
GO,C
GOCP,C
GOR,C
GrC,C
HAI,C
Healthinf,C
HotP2P,C
HotSWUp,C
HPGrid,C
IAIF,C
IAIM,C
IARTW,C
ICA,C
ICAIS,C
ICANNGA,C
ICANNGA,C
ICAPRDT,C
ICCBSS,C
ICCC,C
ICCC,C
ICCIMA,C
ICCM,C
ICCTA,C
ICEE,C
ICEIMT,C
ICEIS,C
ICES,C
ICETE,C
ICHIT,C
ICICT,C
ICICTE,C
ICIET,C
ICIL,C
ICIS,C
ICITS,C
ICM,C
ICMB,C
ICO,C
ICPCA,C
ICPS,C
ICSRIC,C
ICSSEA,C
ICTBM,C
IDC,C
IDC,C
IDET,C
IDFC,C
IDV,C
IEE,C
IEEE CI-Sched,C
IEEE CIAA,C
IEEE CIB,C
IEEE CIIP,C
IEEE CIVE,C
IEEE CIVI,C
IEEE CIWS,C
IEEE DEST,C
IEEE ESDIS,C
IEEE HIMA,C
IEEE IA,C
IEEE MCDM,C
IEEE NLP-KE,C
IEEE OC,C
IEEE RiiSS,C
IEEE WEAH,C
IEEE WOMA,C
IFAC,C
IFAWC,C
IFIP TCS,C
IICISA,C
IMMERSCOM,C
IMS,C
INC,C
INET,C
INEX,C
Information Processing,C
INMIC,C
Interaction,C
INTEROP,C
INTUITION,C
IPC,C
IPS,C
IPythC,C
ISA,C
ISAS,C
ISAVIIA,C
ISBE,C
ISDPE,C
ISDSS,C
ISFST,C
ISIP,C
ISOTAS,C
ISSDI,C
ISVD,C
ITHET,C
ITI,C
ITiRA,C
ITIS,C
iTrust,C
IVE,C
IW-MMDBMS,C
IWAAG,C
IWACO,C
IWC,C
IWCC,C
IWDOM,C
IWIA,C
IWICSS,C
IWKDDS,C
IWSP,C
IWSPM,C
IWSTAR,C
JAC,C
JCIS,C
JECGI,C
JFPLC,C
JHPC,C
KDDMBD,C
KDEX,C
KIES,C
KRDB,C
KyotoCGGT,C
L&L,C
LCCS,C
LCI,C
LI,C
LOCALGOS,C
MAAMAW,C
Massive,C
MathInfo,C
MCA:AS,C
MDDS,C
MDSRIA,C
MediVis,C
WCAEBE,C
SIGOPS-EW,C
AOSE,C
,C
APIEMS CIIEC,C
AASA,C
ACAC,C
ARSPC,C
,C
,C
,C
,C
,C
WISSec,C
SIBGRAPI,C
SBBD,C
GRACO,C
SBSEG,C
BCTCS,C
BCS-FMW,C
CCCG,C
CRV,C
CCECE,C
CanaDAM,C
ICSC,C
JCC/WBD(CDW),C
ChinaGrid,C
,C
Combina Texas,C
ICCCBE,C
CORIA,C
SAICSIT,C
CAITR,C
CII-HK,C
ORPA,C
COSIT,C
ConnectED,C
CAVR,C
CONVR,C
Crypto'Puces,C
CUMULUS,C
DBMC,C
EASTS,C
EAD,C
FEWFDB,C
ComAI,C
JGA,C
EGC,C
KI,C
SETN,C
HPCS-Canada,C
HFESA,C
HUNABC,C
,C
IBPRIA,C
,C
ICUWB,C
WCSN,C
GIIS,C
IEEE 3D IC,C
ICIIS,C
ICSPC,C
ICT,C
HLDVT,C
SECOVAL,C
latincom,C
SysCon,C
WiMesh,C
HotMESH,C
Humanoids,C
,C
IRIS,C
ICCRTS,C
broadcom,C
ARCS,C
ICCEM,C
ICCIDC,C
ICESS,C
,C
AEC,C
ICIAS,C
IAMOT,C
MSV,C
ICCNMC,C
ICNSC,C
NetCoM,C
BIBE,C
BSN,C
CAINE,C
CAivDE,C
CCA,C
CD-MAKE,C
CDVE,C
CHIRA,C
CIAC,C
CIARP,C
CIBCB,C
CICM,C
CIDM,C
CiE,C
CIMA,C
CIS,C
CISIS,C
CIT,C
CLOSER,C
CloudCom,C
CODES+ISSS,C
CoDIT,C
COG,C
COMPLEXIS,C
CONTEXT,C
Coordination,C
CRiSIS,C
CRITIS,C
CSEET,C
CTW,C
DAIS,C
DaMoN,C
DASC,C
DC,C
DeSE,C
DGCI,C
DIGRA,C
DIMVA,C
DLS,C
DM,C
DS-RT,C
DSM,C
DX,C
EANN,C
EATIS,C
ECCO,C
ECDG,C
ECSQARU,C
EJC,C
EMMSAD,C
ENTER,C
EOMAS,C
EUC,C
EURO,C
Euro VR,C
EuroCG,C
EUroComb,C
EuroMPI,C
EuroVA,C
EUSFLAT,C
FDG,C
FDL,C
FDTC,C
FIE,C
FLINS,C
FMICS,C
FMIS,C
FQAS,C
FTfJP,C
FUSION,C
GI,C
GPC,C
Graph-hoc,C
GWC,C
HASKELL,C
 changed 2006),CORE2023
HIPS,C
HIS,C
HLPP,C
HOTCHIPS (HCS),C
HPC Asia,C
HPSR,C
HSI,C
I4CS,C
IADIS AC,C
IAS,C
IC3K,C
ICAIL,C
ICANN,C
ICARCV,C
ICCAM,C
ICCHP,C
ICCI,C
ICCSA,C
ICCSA,C
ICDS,C
ICEC,C
ICEC,C
ICFCA,C
ICFEC,C
ICGSE,C
CHI PLAY,Journal Published
EICS,Journal Published
EMSOFT,Journal published
SiggraphA,journal published
UbiComp,journal published
Ada-Europe,Journal Published
PERFORMANCE,Journal Published
FSE,Journal Published
ISMB,journal published
ISS,Journal Published
ISWC,Journal Published
PG,Journal Published
DITAM,L
IDC(W),L
PACCS,L
FedCSIS,Multi-conference
ICCS,Multiconference
VISIGRAPP,Multiconference
SAC,Multiconference
ACCT,National
CSIT,National
HCI,National
IWINAC,National
Redundancy,National Russia
Semantics,National: Austria
RANLP,National: bulgaria
AIMSA,National: Bulgaria
TridentCom,National: China
SKG,National: China
TASE,National: China
ICIG,National: China
ICMLC,National: China
ICNC,National: China
IEEE ICIA,National: China
Inscrypt,National: China
ISKE,National: China
CIS,National: China
FAW,National: China
SOFTCOM,National: Croatia
PSC,National: Czech
WSCG,National: Czecholslovakia
RTNS,National: France
ICIN,National: France
MuC,National: Germany
EuroPLop,National: Germany
AdCom,National: India
ICISS,National: India
IndiaHCI,National: India
INDOCRYPT,National: India
COMAD,National: India
FST&TCS,National: India
HiPC,National: India
ICDCIT,National: India
ICDCN,National: India
VLSID,National: India
CSICC,National: Iran
IMVIP,National: ireland
ICIAP,National: Italy
FUN,National: Italy
SCN,National: Italy
FLOPS,National: Japan
IWSEC,National: Japan
MVA,National: japan
ICISC,National: Korea
WISA,National: korea
RoVISP,National: Malaysia
FIT,National: Pakistan
DEPCoS,National: Poland
ICAISC,National: Poland
ICCVG,National: Poland
MISSI,National: Poland
PPAM,National: Poland
EPIA,National: Portugal
ICCP,National: Romania
SACI,National: Romania
SOFA,National: Romania
SYNASC,National: romania
CSR,National: Russia
AIST,National: Russia
PSI,National: Russia
ISUVR,National: S. Korea
SISY,National: serbia
SAMI,National: slovakia
IWANN,National: Spain
CISIS,National: Spain
HAIS,National: Spain
PAAMS,National: Spain
MIS4TEL,National: Spain
ATSIP,National: Tunisia
KDViz,National: UK
SGAI,National: UK
ICTERI,National: Ukraine
IKE,National: USA
IRI,National: USA
ISAIM,National: USA
ISVC,National: USA
ITA,National: USA
LFCS,National: USA
MOPTA,National: USA
MSST,National: USA
NSDI,National: USA
PDPTA,National: USA
PSB,National: USA
SIGITE,National: USA
SIGUCCS,National: USA
Tapia,National: USA
TRB,National: USA
USEC,National: USA
VDA,National: USA
WCAE,National: USA
WMSCI,National: USA
WORLDCOMP,National: USA
ACSSC,National: USA
AMIA,National: USA
CATA,National: USA
CERIAS,National: USA
CISS,National: USA
FlAIRS,National: USA
GRC,National: USA
HOTI,National: USA
HOTMOBILE,National: USA
HOTNETS,National: USA
IAS,National: USA
IC-AI,National: USA
WebDB,National: USA
HPSC,National: Vietnam
COCOON,National:China
SETTA,National:China
BTW,National:Germany
CCEM,National:India
COMSNETS,National:India
ICDSE,National:India
SYSTOR,National:Israel
WINCOM,National:Morocco
CN,National:Poland
ISAT,National:Poland
MMAR,National:Poland
Informatics,National:Slovakia
CogSIMA,National:USA
PACBB,National(Spain)
DCAI,National(Spain)
AMTA,National/Regional
ECMFA,NEW
EuroS&P,NEW
TechDebt,NEW
FRUCT,Regional
CISTI,Regional
MICC,Regional
DB&IS,Regional - Baltic
NordiCHI,Regional:Scandinavia
ICTIR,Unranked
ICVR,Unranked
IDC,Unranked
INFOCOMP,Unranked
ITC,Unranked
MobiSPC,Unranked
POST,Unranked
EUSPN,Unranked
FNC,Unranked
HCist,Unranked
ICIQ,Unranked
IRFC,Unranked
CoRL,Unranked
EDCC,Unranked
ACML,Unranked
ANT,Unranked
SEC,unranked
SEIT,Unranked
SETIT,Unranked
UCC,Unranked
CENTERIS,Unranked
ICDEc,Unranked
ProjMAN,Unranked
LDK,Unranked: NEW
PoEM,unranked: not primarily CS
COBEE,
ICEM,
